PYNAM,PYCOMNAM,COMNAME,PYSPP,ITISSPP,VIMSCODE
SPISULA SP,SPISULA SP,NA,5.12E+14,NA,91
ECHINODERMATA,ECHINODERMS,NA,6.10E+14,NA,496
BIVALVIA,BIVALVE MOLLUSKS,NA,5.12E+14,NA,498
INSECTA,INSECTS,NA,4.15E+14,NA,505
LEPTOCHEIRUS PLUMULOSUS,,NA,4.11E+14,NA,507
ANCINUS DEPRESSUS,,NA,4.11E+14,NA,508
NEREIS SP,,NA,2.14E+14,NA,510
ETEONE SP,,NA,2.14E+14,NA,511
CYATHURA SP,,NA,4.11E+14,NA,513
OSTRACODA,OSTRACODS,NA,4.11E+14,NA,523
CHIRIDOTEA SP,,NA,4.11E+14,NA,526
OLIGOCHAETA,OLIGOCHAETS,NA,2.13E+14,NA,532
LIGIA SP,,NA,4.11E+14,NA,533
MOLLUSCA VISCERA,MOLLUSK VISCERA,NA,5.10E+14,NA,536
OXYUROSTYLIS SMITHI,,NA,4.11E+14,NA,539
JASSA FALCATA,,NA,4.11E+14,NA,543
PORIFERA,SPONGES,NA,3.00E+13,NA,548
CYMADUSA COMPTA,,NA,4.11E+14,NA,549
THYONE SP,,NA,6.15E+14,NA,553
ANADARA SP,,NA,5.12E+14,NA,558
CHIRIDOTEA ALMYRA,,NA,4.11E+14,NA,570
NEMERTEA,RIBBON WORMS,NA,9.00E+13,NA,572
GLYCERA AMERICANA,,NA,2.14E+14,NA,576
ERICTHONIUS BRASILIENSIS,,NA,4.11E+14,NA,579
MELITA NITIDA,,NA,4.11E+14,NA,589
INVERTEBRATA,UNIDENTIFIED INVERTEBRATES,NA,1.00E+13,NA,598
PAGURUS ACADIANUS,ACADIAN HERMIT CRAB,NA,4.11E+14,NA,617
PAGURUS ANNULIPES,,NA,4.11E+14,NA,618
AEGININA LONGICORNIS,,NA,4.11E+14,NA,630
AGLAOPHAMUS CIRCINATA,,NA,2.14E+14,NA,631
OPHELINA AULOGASTER,,NA,2.14E+14,NA,632
AMPELISCA ABDITA,,NA,4.11E+14,NA,634
AMPELISCA AGASSIZI,,NA,4.11E+14,NA,635
AMPELISCA SP,,NA,4.11E+14,NA,636
AMPELISCA VADORUM,,NA,4.11E+14,NA,637
AMPHARETE ARCTICA,,NA,2.14E+14,NA,638
ANONYX LILLJEBORGI,,NA,4.11E+14,NA,641
ANONYX SARSI,,NA,4.11E+14,NA,642
ACTINIARIA,SEA ANEMONES,NA,5.22E+13,NA,643
AORIDAE,,NA,4.11E+14,NA,644
APHRODITA HASTATA,SEA MOUSE,NA,2.14E+14,NA,645
ARGISSA HAMATIPES,,NA,4.11E+14,NA,646
ASCIDIACEA,SEA SQUIRTS,NA,7.61E+14,NA,648
AXIOGNATHUS SQUAMATUS,,NA,6.13E+14,NA,652
BYBLIS SERRATA,,NA,4.11E+14,NA,654
IDOTEA BALTICA,,NA,4.11E+14,NA,655
ISOPODA,,NA,4.11E+14,NA,657
CAPRELLIDAE,,NA,4.11E+14,NA,658
CASCO BIGELOWI,,NA,4.11E+14,NA,659
CHAETOZONE SETOSA,,NA,2.14E+14,NA,662
CHIRIDOTEA TUFTSI,,NA,4.11E+14,NA,663
CHONE INFUNDIBULIFORMIS,,NA,2.14E+14,NA,664
CIROLANIDAE,,NA,4.11E+14,NA,665
CIRRATULIDAE,,NA,2.14E+14,NA,666
PECTINARIA GOULDI,,NA,2.14E+14,NA,667
CLYMENELLA TORQUATA,,NA,2.14E+14,NA,668
CLYMENELLA ZONALIS,,NA,2.14E+14,NA,669
COROPHIUM CRASSICORNE,,NA,4.11E+14,NA,670
COROPHIUM SP,,NA,4.11E+14,NA,671
CRUSTACEA,,"CRUSTACEANS,UNC",4.11E+14,83677,673
CUMACEA,,NA,4.11E+14,NA,674
DIASTYLIDAE,,NA,4.11E+14,NA,676
DIASTYLIS SCULPTA,,NA,4.11E+14,NA,678
DRILONEREIS LONGA,,NA,2.14E+14,NA,680
DRILONEREIS MAGNA,,NA,2.14E+14,NA,681
DRILONEREIS SP,,NA,2.14E+14,NA,682
EDOTEA MONTOSA,,NA,4.11E+14,NA,685
ERICTHONIUS RUBRICORNIS,,NA,4.11E+14,NA,686
EUDORELLA HISPIDA,,NA,4.11E+14,NA,690
FILOGRANA IMPLEXA,,NA,2.14E+14,NA,692
GAMMARUS SP,,NA,4.11E+14,NA,694
GLYCERA DIBRANCHIATA,,BLOODWORMS,2.14E+14,66107,695
GLYCERA SP,,NA,2.14E+14,NA,697
GONIADA NORVEGICA,,NA,2.14E+14,NA,698
ECHINARACHNIUS PARMA,SAND DOLLAR,NA,6.12E+14,NA,702
BIVALVIA SHELL,BIVALVE SHELL,NA,5.12E+14,NA,705
MOLLUSCA,MOLLUSKS,"MOLLUSKS,UNC",5.10E+14,69458,709
HARMOTHOE EXTENUATA,,NA,2.14E+14,NA,711
HARMOTHOE IMBRICATA,,NA,2.14E+14,NA,712
HARMOTHOE SP,,NA,2.14E+14,NA,713
HARPINIA PROPINQUA,,NA,4.11E+14,NA,718
HIPPOMEDON SERRATUS,,NA,4.11E+14,NA,721
HYPERIIDAE,,NA,4.11E+14,NA,722
LEPTOCHEIRUS PINGUIS,,NA,4.11E+14,NA,723
LUMBRINERIDES ACUTA,,NA,2.14E+14,NA,726
LUMBRINERIS FRAGILIS,,NA,2.14E+14,NA,729
MALDANIDAE,BAMBOO WORMS,NA,2.14E+14,NA,731
MARPHYSA BELLI,,NA,2.14E+14,NA,732
MARPHYSA SP,,NA,2.14E+14,NA,733
MELINNA SP,,NA,2.14E+14,NA,734
MELITA DENTATA,,NA,4.11E+14,NA,735
MELPHIDIPPIDAE,,NA,4.11E+14,NA,736
MONOCULODES EDWARDSI,,NA,4.11E+14,NA,738
MONOCULODES SP,,NA,4.11E+14,NA,739
NEPHTYS INCISA,,NA,2.14E+14,NA,744
NEPHTYIDAE,,NA,2.14E+14,NA,745
NEREIS GRAYI,,NA,2.14E+14,NA,746
NEREIS ZONATA,,NA,2.14E+14,NA,748
NICOMACHE SP,,NA,2.14E+14,NA,749
NICOLEA SP,,NA,2.14E+14,NA,750
NICOLEA VENUSTULA,,NA,2.14E+14,NA,751
NINOE NIGRIPES,,NA,2.14E+14,NA,752
NOTHRIA CONCHYLEGA,,NA,2.14E+14,NA,753
OPHELIA DENTICULATA,,NA,2.14E+14,NA,754
OPHIUROIDEA,BRITTLE STARS AND BASKET STARS,NA,6.13E+14,NA,755
PAGURUS ARCUATUS,HAIRY HERMIT CRAB,NA,4.11E+14,NA,757
PAGURUS SP,,NA,4.11E+14,NA,758
PARAHAUSTORIUS LONGIMERUS,,NA,4.11E+14,NA,759
PARANAITIS SPECIOSA,,NA,2.14E+14,NA,760
PARATHEMISTO SP,,NA,4.11E+14,NA,761
PHERUSA AFFINIS,,NA,2.14E+14,NA,764
PHERUSA PLUMOSA,,NA,2.14E+14,NA,765
PHOTIS DENTATA,,NA,4.11E+14,NA,766
PHOTIS MACROCOXA,,NA,4.11E+14,NA,767
PHOXOCEPHALUS HOLBOLLI,,NA,4.11E+14,NA,768
PODOCEROPSIS NITIDA,,NA,4.11E+14,NA,772
POLYCHAETA,,NA,2.14E+14,NA,775
POTAMILLA RENIFORMIS,,NA,2.14E+14,NA,776
PRAXILLELLA SP,,NA,2.14E+14,NA,777
PRIAPULUS CAUDATUS,PEANUT WORM,NA,1.11E+14,NA,778
PROTOHAUSTORIUS WIGLEYI,,NA,4.11E+14,NA,779
PTILANTHURA TENUIS,,NA,4.11E+14,NA,781
RHACHOTROPIS OCULATA,,NA,4.11E+14,NA,783
SABELLIDAE,,NA,2.14E+14,NA,785
SCALIBREGMA INFLATUM,,NA,2.14E+14,NA,786
SCAPHOPODA,TUSKSHELLS AND TOOTHSHELLS,NA,5.13E+14,NA,787
SOLENIDAE,RAZOR AND JACKNIFE CLAMS,RAZOR AND JACKKNIFE CLAM UNCL,5.12E+14,81006,790
SPIO SP,,NA,2.14E+14,NA,791
STENOPLEUSTES GRACILIS,,NA,4.11E+14,NA,792
STENOPLEUSTES INERMIS,,NA,4.11E+14,NA,793
SYNCHELIDIUM AMERICANUM,,NA,4.11E+14,NA,794
TEREBELLIDAE,,NA,2.14E+14,NA,798
TEREBELLIDES STROEMII,,NA,2.14E+14,NA,799
MYA ARENARIA,SOFTSHELL CLAM,"CLAM,SOFT",5.12E+14,81692,801
MYTILUS EDULIS,BLUE MUSSEL,BLUE MUSSEL,5.12E+14,79454,802
LYONSIA SP,,NA,5.12E+14,NA,804
HAMINOEA SP,,NA,5.14E+14,NA,806
MODIOLUS MODIOLUS,NORTHERN HORSEMUSSEL,NORTHERN HORSEMUSSEL,5.12E+14,79501,807
BALANUS SP,,NA,4.11E+14,NA,808
ANOMIA SIMPLEX,COMMON JINGLE,NA,5.12E+14,NA,809
THARYX ACUTUS,,NA,2.14E+14,NA,810
RHEPOXYNIUS EPISTOMUS,,NA,4.11E+14,NA,812
UNCIOLA IRRORATA,,NA,4.11E+14,NA,813
ENSIS DIRECTUS,ATLANTIC JACKNIFE,"CLAM,RAZOR,ATLANTIC",5.12E+14,81022,816
OSTREIDAE,OYSTERS,NA,5.12E+14,NA,819
MERCENARIA SP,,NA,5.12E+14,NA,821
MOLGULA SP,,NA,7.61E+14,NA,824
HOLOTHUROIDEA,SEA CUCUMBERS,SEA CUCUMBER,6.15E+14,158140,828
BUSYCON SP,,NA,5.14E+14,NA,829
LAEVICARDIUM SP,,NA,5.12E+14,NA,832
YOLDIA SP,,NA,5.12E+14,NA,836
ARBACIA PUNCTULATA,PURPLE SEA URCHIN,NA,6.12E+14,NA,840
AMPHIPODA,,NA,4.11E+14,NA,841
ARGOPECTEN IRRADIANS,BAY SCALLOP,BAY SCALLOP,5.12E+14,79737,850
NUDIBRANCHIA,SEA SLUGS,NA,5.14E+14,NA,855
EMERITA TALPOIDA,ATLANTIC SAND CRAB,NA,4.11E+14,NA,864
DIOGENIDAE,LEFT-HANDED HERMIT CRABS,NA,4.11E+14,NA,869
CREPIDULA SP,,NA,5.14E+14,NA,881
MULINIA LATERALIS,DRAWF SURFCLAM,NA,5.12E+14,NA,882
HIRUDINEA,LEACHES,NA,2.11E+14,NA,883
GASTROPODA,SNAILS,NA,5.14E+14,NA,884
ANADARA TRANSVERSA,TRANSVERSE ARK,NA,5.12E+14,NA,886
TELLINA AGILIS,NORTHERN DRAWF-TELLIN,NA,5.12E+14,NA,887
NEMATODA,ROUND WORMS,NA,1.13E+14,NA,901
PECTINARIIDAE,,NA,2.14E+14,NA,906
CLIONE LIMACINA,NAKED SEA BUTTERFLY,NA,5.14E+14,NA,910
IDOTEA SP,,NA,4.11E+14,NA,912
BRYOZOA,BRYOZOANS,NA,7.00E+14,NA,915
PAGUROIDEA,HERMIT CRABS,HERMIT CRAB UNCL,4.11E+14,206947,917
EDOTEA SP,,NA,4.11E+14,NA,918
AMPHIOPLUS ABDITA,,NA,6.13E+14,NA,920
CHAETOPTERIDAE,,NA,2.14E+14,NA,926
CYMOTHOIDAE,,NA,4.11E+14,NA,929
CAPITELLIDAE,,NA,2.14E+14,NA,932
TURBELLARIA,PLANARIANS,NA,7.30E+13,NA,935
POLYDORA SP,,NA,2.14E+14,NA,945
ORBINIIDA,,NA,2.14E+14,NA,946
SOLEN VIRIDIS,GREEN JACKKNIFE,NA,5.12E+14,NA,947
STENOTHOIDAE,,NA,4.11E+14,NA,948
SYLLIDAE,,NA,2.14E+14,NA,949
LEMBOS SP,,NA,4.11E+14,NA,962
DIASTYLIS QUADRISPINOSA,,NA,4.11E+14,NA,975
BATHYPOREIA SP,,NA,4.11E+14,NA,978
SYNIDOTEA SP,,NA,4.11E+14,NA,981
OPHELIIDAE,,NA,2.14E+14,NA,1001
AEGA PSORA,,NA,4.11E+14,NA,1004
HAUSTORIIDAE,,NA,4.11E+14,NA,1008
CAPRELLA SP,,NA,4.11E+14,NA,1009
AMPHIPOREIA VIRGINIANA,,NA,4.11E+14,NA,1012
POLITOLANA CONCHARUM,,NA,4.11E+14,NA,1025
ASYCHIS ELONGATA,,NA,2.14E+14,NA,1036
POLYNOIDAE,,NA,2.14E+14,NA,1037
ELASMOPUS LAEVIS,,NA,4.11E+14,NA,1041
PHYLLODOCIDAE,,NA,2.14E+14,NA,1045
ANTHOZOA,ANEMONES AND CORALS,NA,5.20E+13,NA,1047
ASTARTE CASTANEA,SMOOTH ASTARTE,SMOOTH ASTARTE,5.12E+14,80801,1051
MYTILIDAE,MUSSELS,NA,5.12E+14,NA,1053
NATICIDAE,"MOON SNAILS, SHARK EYES AND BABY-EARS",MOON SNAIL SHARK EYE AND BABY-EAR,5.14E+14,72878,1059
NUCULA PROXIMA,ATLANTIC NUTCLAM,NA,5.12E+14,NA,1063
SOLEMYA VELUM,ATLANTIC AWNINGCLAM,NA,5.12E+14,NA,1068
YOLDIA LIMATULA,FILE YOLDIA,NA,5.12E+14,NA,1070
ARABELLA IRICOLOR,,NA,2.14E+14,NA,1071
GONIADA SP,,NA,2.14E+14,NA,1078
ALBUNEA PARETII,BEACH MOLE CRAB,NA,4.11E+14,NA,1080
NASSARIUS SP,NASSARIUS SP,NA,5.14E+14,NA,1083
ECHIURA,ECHIURID WORMS,NA,3.30E+14,NA,1089
FORAMINIFERIDA,FORAMINIFERANS,NA,1.30E+13,NA,1090
PSAMMONYX NOBILIS,,NA,4.11E+14,NA,1102
TRAVISIA CARNEA,,NA,2.14E+14,NA,1103
YOLDIA SAPOTILLA,SHORT YOLDIA,NA,5.12E+14,NA,1104
ACANTHOCEPHALA,SPINY HEADED WORMS,NA,1.00E+14,NA,1105
GONIADA MACULATA,,NA,2.14E+14,NA,1107
SIPUNCULA,SIPUNCULANS,NA,3.10E+14,NA,1109
DIOPATRA CUPREA,,NA,2.14E+14,NA,1111
OPHELINA SP,,NA,2.14E+14,NA,1115
DINOCARDIUM ROBUSTUM,ATLANTIC GIANT COCKLE,NA,5.12E+14,NA,1118
CAUDINA ARENATA,RAT-TAILED CUCUMBER,NA,6.15E+14,NA,1129
LEPIDONOTUS SQUAMATUS,,NA,2.14E+14,NA,1130
EPITONIUM SP,,NA,5.14E+14,NA,1158
CIRRIPEDIA,BARNACLES,NA,4.11E+14,NA,1163
ECHINOIDEA,SEA URCHINS AND SAND DOLLARS,SEA URCHIN AND SAND DOLLAR UNCL,6.12E+14,157821,1169
NEOGASTROPODA,,NA,5.14E+14,NA,1184
CALLIOPIUS LAEVIUSCULUS,,NA,4.11E+14,NA,1206
AMPHARETIDAE,,NA,2.14E+14,NA,1208
BIVALVIA,BIVALVE MOLLUSKS,NA,5.12E+14,NA,5003
CEREBRATULUS SP,,NA,9.10E+13,NA,5009
GAMMARUS MUCRONATUS,,NA,4.11E+14,NA,5019
EDOTEA TRILOBA,,NA,4.11E+14,NA,5020
ANACHIS SP,,NA,5.14E+14,NA,5027
MOLLUSCA,MOLLUSKS,"MOLLUSKS,UNC",5.10E+14,69458,5036
BIVALVIA,BIVALVE MOLLUSKS,NA,5.12E+14,NA,5039
PAGURUS LONGICARPUS,LONGWRIST HERMIT,NA,4.11E+14,NA,7581
PAGURUS POLLICARIS,FLATCLAW HERMIT,NA,4.11E+14,NA,7582
HIPPOMEDON SP,,NA,4.11E+14,NA,NA
LEPTOCHEIRUS SP,,NA,4.11E+14,NA,NA
ASCIDIA SP,,NA,7.61E+14,NA,NA
CHAETOZONE SP,,NA,2.14E+14,NA,NA
CHONE SP,,NA,2.14E+14,NA,NA
DIASTYLIS SP,,NA,4.11E+14,NA,NA
EUDORELLA SP,,NA,4.11E+14,NA,NA
HYPERIA SP,,NA,4.11E+14,NA,NA
MALDANE SP,,NA,2.14E+14,NA,NA
MELPHIDIPPA SP,,NA,4.11E+14,NA,NA
OPHIURIDA,,NA,6.13E+14,NA,NA
PHOXOCEPHALUS SP,,NA,4.11E+14,NA,NA
PODOCEROPSIS SP,,NA,4.11E+14,NA,NA
TEREBELLIDA,,NA,2.14E+14,NA,NA
ENSIS SP,ENSIS SP,NA,5.12E+14,NA,NA
ARGOPECTEN IRRADIANS SHELL,BAY SCALLOP SHELL,NA,5.12E+14,NA,NA
PAGURIDAE,RIGHT-HANDED HERMIT CRABS,NA,4.11E+14,NA,NA
PLATYHELMINTHES,FLAT WORMS,NA,7.00E+13,NA,NA
STENOTHOE SP,,NA,4.11E+14,NA,NA
SYLLIDES SP,,NA,2.14E+14,NA,NA
OPHELIA SP,,NA,2.14E+14,NA,NA
PHYLLODOCIDA,,NA,2.14E+14,NA,NA
SOLEMYIDAE,AWNINGCLAMS,NA,5.12E+14,NA,NA
ECHIURIDAE,,NA,3.31E+14,NA,NA
PSAMMONYX SP,,NA,4.11E+14,NA,NA
LEPIDONOTUS SP,,NA,2.14E+14,NA,NA
ECHINACEA,TRUE SEA URCHINS,NA,6.12E+14,NA,NA
AMPHARETE SP,,NA,2.14E+14,NA,NA
BIVALVIA SIPHON,BIVALVE SIPHON,NA,5.12E+14,NA,NA
ACANTHODORIS PILOSA,HAIRY SPINY DORIS,NA,5.14E+14,NA,NA
ACANTHOHAUSTORIUS MILLSI,,NA,4.11E+14,NA,NA
ACANTHOHAUSTORIUS SP,,NA,4.11E+14,NA,NA
ACANTHOHAUSTORIUS SPINOSUS,,NA,4.11E+14,NA,NA
ACANTHONOTOZOMA SERRATUM,,NA,4.11E+14,NA,NA
ACANTHONOTOZOMA SP,,NA,4.11E+14,NA,NA
ACESTE SP,,NA,6.12E+14,NA,NA
ACHELIA SPINOSA,,NA,4.12E+14,NA,NA
ACMAEIDAE,LIMPETS,NA,5.14E+14,NA,NA
ADALARIA SP,,NA,5.14E+14,NA,NA
AEGIDAE,,NA,4.11E+14,NA,NA
AEGINELLA SPINOSA,,NA,4.11E+14,NA,NA
AEOLIDIA SP,,NA,5.14E+14,NA,NA
AEOLIDIIDAE,,NA,5.14E+14,NA,NA
AEQUIPECTEN GLYPTUS,RED-RIBBED SCALLOP,NA,5.12E+14,NA,NA
AGLAOPHAMUS SP,,NA,2.14E+14,NA,NA
AGLAOPHAMUS VERRILLI,,NA,2.14E+14,NA,NA
ALCIOPIDAE,,NA,2.14E+14,NA,NA
ALENTIANA AURANTIACA,,NA,2.14E+14,NA,NA
AMPELISCA DECLIVITATIS,,NA,4.11E+14,NA,NA
AMPELISCA ESCHRICHTI,,NA,4.11E+14,NA,NA
AMPELISCA MACROCEPHALA,,NA,4.11E+14,NA,NA
AMPELISCA SPINIPES,,NA,4.11E+14,NA,NA
AMPELISCA VERRILLI,,NA,4.11E+14,NA,NA
AMPELISCIDAE,,NA,4.11E+14,NA,NA
AMPHARETE ACUTIFRONS,,NA,2.14E+14,NA,NA
AMPHICTEIS GUNNERI,,NA,2.14E+14,NA,NA
AMPHILIMNA OLIVACEA,,NA,6.13E+14,NA,NA
AMPHILOCHIDAE,,NA,4.11E+14,NA,NA
AMPHINOMIDAE,FIREWORMS,NA,2.14E+14,NA,NA
AMPHIODIA SP,,NA,6.13E+14,NA,NA
AMPHIOPLUS SP,,NA,6.13E+14,NA,NA
AMPHIPHOLIS SP,,NA,6.13E+14,NA,NA
AMPHIPODA TUBES,AMPHIPOD TUBES,NA,4.11E+14,NA,NA
AMPHIPOREIA GIGANTEA,,NA,4.11E+14,NA,NA
AMPHIPOREIA LAWRENCIANA,,NA,4.11E+14,NA,NA
AMPHIPOREIA SP,,NA,4.11E+14,NA,NA
AMPHITRITE JOHNSTONI,,NA,2.14E+14,NA,NA
AMPHITRITE SP,,NA,2.14E+14,NA,NA
AMPHIURA SP,,NA,6.13E+14,NA,NA
AMPHIURIDAE,,NA,6.13E+14,NA,NA
AMPITHOE RUBRICATA,,NA,4.11E+14,NA,NA
AMPITHOE SP,,NA,4.11E+14,NA,NA
ANATOMA CRISPATA,CRISPATE SCISSURELLE,NA,5.14E+14,NA,NA
ANEMONIA SARGASSENSIS,SARGASSUM ANEMONE,NA,5.22E+13,NA,NA
ANOMIA SP,,NA,5.12E+14,NA,NA
ANONYX SP,,NA,4.11E+14,NA,NA
ANTHURIDAE,,NA,4.11E+14,NA,NA
ANTINOELLA ANGUSTA,,NA,2.14E+14,NA,NA
ANTINOELLA SP,,NA,2.14E+14,NA,NA
APHRODITIDAE,,NA,2.14E+14,NA,NA
APLACOPHORA,SOLENOGASTERS,NA,5.11E+14,NA,NA
APLYSIIDAE,SEA HARES,NA,5.14E+14,NA,NA
APORRHAIS OCCIDENTALIS,AMERICAN PELICANFOOT,NA,5.14E+14,NA,NA
ARABELLIDAE,,NA,2.14E+14,NA,NA
ARCHIANNELIDA,,NA,2.14E+14,NA,NA
ARCTURIDAE,,NA,4.11E+14,NA,NA
ARICIDEA JEFFREYSI,,NA,2.14E+14,NA,NA
ARICIDEA QUADRILOBATA,,NA,2.14E+14,NA,NA
ARICIDEA SP,,NA,2.14E+14,NA,NA
ARRHIS PHYLLONYX,,NA,4.11E+14,NA,NA
ARTHROPODA,,NA,4.10E+14,NA,NA
ASABELLIDES OCULATA,,NA,2.14E+14,NA,NA
ASABELLIDES SP,,NA,2.14E+14,NA,NA
ASCHELMINTHES,ASCHELMINTHES,NA,1.10E+14,NA,NA
ASCIDIA CALLOSA,,NA,7.61E+14,NA,NA
ASCIDIIDAE,,NA,7.61E+14,NA,NA
ASELLUS SP,,NA,4.11E+14,NA,NA
ASPIDOSIPHON ALBUS,,NA,3.11E+14,NA,NA
ASPIDOSIPHON PARVULUS,,NA,3.11E+14,NA,NA
ASTARTE QUADRANS,SQUARISH ASTARTE,NA,5.12E+14,NA,NA
ASTARTE SP,,NA,5.12E+14,NA,NA
ASTARTE SP SHELL,ASTARTE SHELL,NA,5.12E+14,NA,NA
ASTARTE SP VISCERA,ASTARTE SP VISCERA,NA,5.12E+14,NA,NA
ASTARTE UNDATA,WAVY ASTARTE,NA,5.12E+14,NA,NA
ATYLIDAE,,NA,4.11E+14,NA,NA
ATYLUS SWAMMERDAMI,,NA,4.11E+14,NA,NA
AUTOLYTUS ALEXANDRI,,NA,2.14E+14,NA,NA
AUTOLYTUS SP,,NA,2.14E+14,NA,NA
BATEA CATHARINENSIS,,NA,4.11E+14,NA,NA
BATHYARCA PECTUNCULOIDES,COMB BATHYARK,NA,5.12E+14,NA,NA
BATHYARCA SP,,NA,5.12E+14,NA,NA
BATHYMEDON OBTUSIFRONS,,NA,4.11E+14,NA,NA
BATHYPOREIA PARKERI,,NA,4.11E+14,NA,NA
BATHYPOREIA QUODDYENSIS,,NA,4.11E+14,NA,NA
BIVALVIA LARVAE,BIVALVE LARVAE,NA,5.12E+14,NA,NA
BIVALVIA VISCERA,BIVALVE VISCERA,NA,5.12E+14,NA,NA
BODOTRIIDAE,,NA,4.11E+14,NA,NA
BOLOCERA TUEDIAE,,NA,5.22E+13,NA,NA
BOLTENIA SP,,NA,7.61E+14,NA,NA
BOPYRIDAE,,NA,4.11E+14,NA,NA
BOSTRICHOBRANCHUS PILULARIS,,NA,7.61E+14,NA,NA
BOSTRICHOBRANCHUS SP,,NA,7.61E+14,NA,NA
BRACHIOPODA,LAMP SHELLS,NA,7.40E+14,NA,NA
BRADA SP,,NA,2.14E+14,NA,NA
BRADA VILLOSA,,NA,2.14E+14,NA,NA
BUCCINIDAE,,"WHELK,TRUE,UNC",5.14E+14,73726,NA
BUCCINUM SP,,NA,5.14E+14,NA,NA
BUCCINUM SP EGGS,BUCCINUM EGGS,NA,5.14E+14,NA,NA
BUCCINUM SP VISCERA,,NA,5.14E+14,NA,NA
BUCCINUM UNDATUM,WAVED WHELK,WAVED WHELK,5.14E+14,73795,NA
BUCCINUM UNDATUM EGGS,WAVED WHELK EGGS,NA,5.14E+14,NA,NA
BUCCINUM UNDATUM VISCERA,WAVED WHELK VISCERA,NA,5.14E+14,NA,NA
BUGULA SP,,NA,7.01E+14,NA,NA
BUGULA TURRITA,,NA,7.01E+14,NA,NA
BYBLIS GAIMARDI,,NA,4.11E+14,NA,NA
BYBLIS SP,,NA,4.11E+14,NA,NA
CAECUM SP,,NA,5.14E+14,NA,NA
CALATHURA BRANCHIATA,,NA,4.11E+14,NA,NA
CALLIOPIIDAE,,NA,4.11E+14,NA,NA
CALLIOPIUS SP,,NA,4.11E+14,NA,NA
CARDIIDAE,COCKLES,NA,5.12E+14,NA,NA
CARDIIDAE SHELL,COCKLE SHELL,NA,5.12E+14,NA,NA
CATAPAGURUS SP,,NA,4.11E+14,NA,NA
CAVOLINIIDAE,,NA,5.14E+14,NA,NA
CERASTODERMA PINNULATUM,NORTHERN DRAWF-COCKLE,NA,5.12E+14,NA,NA
CERASTODERMA SP,,NA,5.12E+14,NA,NA
CERATOCEPHALE LOVENI,,NA,2.14E+14,NA,NA
CERIANTHEOPSIS AMERICANA,,NA,5.22E+13,NA,NA
CERIANTHIDAE,TUBE-DWELLING ANEMONES,NA,5.22E+13,NA,NA
CERIANTHIDAE TUBES,CERIANTHID TUBES,NA,5.22E+13,NA,NA
CERIANTHUS BOREALIS,,NA,5.22E+13,NA,NA
CERITHIIDAE,,NA,5.14E+14,NA,NA
CESTODA,TAPE WORMS,NA,7.10E+13,NA,NA
CHAETODERMA NITIDULUM,GLISTEN-WORM SOLENOGASTER,NA,5.11E+14,NA,NA
CHIRIDOTEA ARENICOLA,,NA,4.11E+14,NA,NA
CHIRIDOTEA CAECA,,NA,4.11E+14,NA,NA
CHIRIDOTEA NIGRESCENS,,NA,4.11E+14,NA,NA
CHITON TUBERCULATUS,WEST INDIAN GREEN CHITON,NA,5.11E+14,NA,NA
CHLAMYS ISLANDICA,ICELAND SCALLOP,ICELAND SCALLOP,5.12E+14,79619,NA
CHLAMYS ISLANDICA SHELL,ICELAND SCALLOP SHELL,NA,5.12E+14,NA,NA
CHLAMYS SP,,NA,5.12E+14,NA,NA
CIROLANA BOREALIS,,NA,4.11E+14,NA,NA
CIRRATULUS SP,,NA,2.14E+14,NA,NA
CIRRIFORMIA SP,,NA,2.14E+14,NA,NA
CIRRIPEDIA LARVAE,BARNACLE LARVAE,NA,4.11E+14,NA,NA
CIRROPHORUS SP,,NA,2.14E+14,NA,NA
CLINOCARDIUM CILIATUM,HAIRY COCKLE,NA,5.12E+14,NA,NA
CLYMENELLA SP,,NA,2.14E+14,NA,NA
CLYPEASTEROIDA,TRUE SAND DOLLARS,SAND DOLLAR UNCL,6.11E+14,157984,NA
COLUS SP,,NA,5.14E+14,NA,NA
CORAMBIDAE,,NA,5.14E+14,NA,NA
COROPHIIDAE,,NA,4.11E+14,NA,NA
COROPHIUM ACUTUM,,NA,4.11E+14,NA,NA
COROPHIUM INSIDIOSUM,,NA,4.11E+14,NA,NA
COSSURA SP,,NA,2.14E+14,NA,NA
CRENELLA GLANDULA,,NA,5.12E+14,NA,NA
CRENELLA SP,,NA,5.12E+14,NA,NA
CREPIDULA PLANA,EASTERN WHITE SLIPPERSNAIL,NA,5.14E+14,NA,NA
CRINOIDEA,SEA LILIES AND FEATHER STARS,NA,6.14E+14,NA,NA
CRUCIBULUM STRIATUM,STRIATE CUP-AND-SAUCER,NA,5.14E+14,NA,NA
CRUSTACEA EGGS,CRUSTACEAN EGGS,NA,4.11E+14,NA,NA
CUSPIDARIA SP,,NA,5.12E+14,NA,NA
CYCLASPIS VARIANS,,NA,4.11E+14,NA,NA
CYCLOCARDIA BOREALIS,NORTHERN CYCLOCARDIA,NORTHERN CYCLOCARDIA,5.12E+14,80744,NA
CYCLOCARDIA SP,,NA,5.12E+14,NA,NA
CYCLOPECTEN PUSTULOSUS,,NA,5.12E+14,NA,NA
CYCLOSTREMATIDAE,,NA,5.14E+14,NA,NA
DACRYDIUM SP,,NA,5.12E+14,NA,NA
DACRYDIUM VITREUM,GLASSY MUSSEL,NA,5.12E+14,NA,NA
DENDROBEANIA MURRAYANA,,NA,7.01E+14,NA,NA
DENDROCHIROTIDA,,NA,6.15E+14,NA,NA
DENDRODOA CARNEA,,NA,7.61E+14,NA,NA
DENTALIUM SP,,NA,5.13E+14,NA,NA
DEXAMINE THEA,,NA,4.11E+14,NA,NA
DEXAMINIDAE,,NA,4.11E+14,NA,NA
DIASTYLIS ABBREVIATA,,NA,4.11E+14,NA,NA
DIASTYLIS POLITA,,NA,4.11E+14,NA,NA
DIASTYLIS SPINULOSA,,NA,4.11E+14,NA,NA
DIODORA SP,,NA,5.14E+14,NA,NA
DIPLOCIRRUS HIRSUTUS,,NA,2.14E+14,NA,NA
DOTO CORONATA,CROWN DOTO,NA,5.14E+14,NA,NA
DOTONIDAE,,NA,5.14E+14,NA,NA
DULICHIA MONACANTHA,,NA,4.11E+14,NA,NA
DULICHIA PORRECTA,,NA,4.11E+14,NA,NA
DULICHIA SP,,NA,4.11E+14,NA,NA
ECHINARACHNIIDAE,,NA,6.12E+14,NA,NA
ECHIURUS ECHIURUS,,NA,3.31E+14,NA,NA
EDWARDSIA ELEGANS,,NA,5.22E+13,NA,NA
EDWARDSIA SP,,NA,5.22E+13,NA,NA
ENCHYTRAEIDAE,,NA,2.13E+14,NA,NA
EOBROLGUS SPINOSUS,,NA,4.11E+14,NA,NA
EPIMERIA LORICATA,,NA,4.11E+14,NA,NA
ERICHSONELLA,,NA,4.11E+14,NA,NA
ERICHSONELLA FILIFORMIS,,NA,4.11E+14,NA,NA
ERICTHONIUS SP,,NA,4.11E+14,NA,NA
ETEONE FLAVA,,NA,2.14E+14,NA,NA
ETEONE HETEROPODA,,NA,2.14E+14,NA,NA
ETEONE LACTEA,,NA,2.14E+14,NA,NA
ETEONE LONGA,,NA,2.14E+14,NA,NA
ETEONE TRILINEATA,,NA,2.14E+14,NA,NA
EUBRANCHUS EXIGUUS,DRAWF BALLOON AEOLIS,NA,5.14E+14,NA,NA
EUBRANCHUS PALLIDUS,,NA,5.14E+14,NA,NA
EUCHONE RUBROCINCTA,,NA,2.14E+14,NA,NA
EUCHONE SP,,NA,2.14E+14,NA,NA
EUCLYMENE COLLARIS,,NA,2.14E+14,NA,NA
EUCLYMENE SP,,NA,2.14E+14,NA,NA
EUDORELLA EMARGINATA,,NA,4.11E+14,NA,NA
EUDORELLA TRUNCATULA,,NA,4.11E+14,NA,NA
EULALIA VIRIDIS,,NA,2.14E+14,NA,NA
EUMIDA SANGUINEA,,NA,2.14E+14,NA,NA
EUNICE NORVEGICA,,NA,2.14E+14,NA,NA
EUNICE PENNATA,,NA,2.14E+14,NA,NA
EUNICE SP,,NA,2.14E+14,NA,NA
EUNICIDA,,NA,2.14E+14,NA,NA
EUNICIDAE,,NA,2.14E+14,NA,NA
EUPHROSINE SP,,NA,2.14E+14,NA,NA
EUPHROSINIDAE,,NA,2.14E+14,NA,NA
EURYALE SP,,NA,6.13E+14,NA,NA
EURYALINA,BASKET STARS,NA,6.13E+14,NA,NA
EUSIRIDAE,,NA,4.11E+14,NA,NA
EUSIRUS SP,,NA,4.11E+14,NA,NA
EUSPIRA HEROS,NORTHERN MOONSNAIL,NORTHERN MOONSNAIL,5.14E+14,72985,NA
EUSPIRA IMMACULATA,IMMACULATE MOONSNAIL,NA,5.14E+14,NA,NA
EXOGONE SP,,NA,2.14E+14,NA,NA
EXOGONE VERUGERA,,NA,2.14E+14,NA,NA
FISSURELLIDAE,,NA,5.14E+14,NA,NA
FLABELLIGELLA SP,,NA,2.14E+14,NA,NA
FLABELLIGERIDAE,,NA,2.14E+14,NA,NA
GAMMARELLUS SP,,NA,4.11E+14,NA,NA
GAMMARIDEA,GAMMARID,NA,4.11E+14,NA,NA
GAMMAROPSIS SP,,NA,4.11E+14,NA,NA
GAMMARUS ANNULATUS,,NA,4.11E+14,NA,NA
GAMMARUS LAWRENCIANUS,,NA,4.11E+14,NA,NA
GASTROPODA EGGS,GASTROPOD EGGS,NA,5.14E+14,NA,NA
GASTROPODA OPERCULUM,GASTROPOD OPERCULUM,NA,5.14E+14,NA,NA
GASTROPODA SHELL,SNAIL SHELL,NA,5.14E+14,NA,NA
GASTROPODA VISCERA,SNAIL UNCL VISCERA,NA,5.14E+14,NA,NA
GEUKENSIA SP,,NA,5.12E+14,NA,NA
GLYCERA CAPITATA,,NA,2.14E+14,NA,NA
GLYCERA ROBUSTA,,NA,2.14E+14,NA,NA
GLYCERIDAE,,NA,2.14E+14,NA,NA
GLYCINDE SOLITARIA,,NA,2.14E+14,NA,NA
GLYCINDE SP,,NA,2.14E+14,NA,NA
GOLFINGIA CATHARINAE,,NA,3.11E+14,NA,NA
GOLFINGIA SP,,NA,3.11E+14,NA,NA
GONIADELLA GRACILIS,,NA,2.14E+14,NA,NA
GONIADELLA SP,,NA,2.14E+14,NA,NA
GONIADIDAE,,NA,2.14E+14,NA,NA
GORGONOCEPHALUS SP,,NA,6.13E+14,NA,NA
HALACARIDAE,MITES,NA,4.13E+14,NA,NA
HAPLOOPS SETOSA,,NA,4.11E+14,NA,NA
HAPLOOPS SP,,NA,4.11E+14,NA,NA
HAPLOOPS TUBICOLA,,NA,4.11E+14,NA,NA
HARPINIA PLUMOSA,,NA,4.11E+14,NA,NA
HARPINIA SP,,NA,4.11E+14,NA,NA
HAVELOCKIA SCABRA,,NA,6.15E+14,NA,NA
HEMIARTHRUS SP,,NA,4.11E+14,NA,NA
HESIONIDAE,,NA,2.14E+14,NA,NA
HIPPIDAE,SAND CRABS,NA,4.11E+14,NA,NA
HIPPOMEDON DENTICULATUS,,NA,4.11E+14,NA,NA
HIPPOMEDON PROPINQUUS,,NA,4.11E+14,NA,NA
HYPERIA GALBA,,NA,4.11E+14,NA,NA
HYPERIA MEDUSARUM,,NA,4.11E+14,NA,NA
HYPEROCHE MEDUSARUM,,NA,4.11E+14,NA,NA
HYPEROCHE SP,,NA,4.11E+14,NA,NA
IDOTEA PHOSPHOREA,,NA,4.11E+14,NA,NA
IDOTEIDAE,,NA,4.11E+14,NA,NA
ILYANASSA SP,,NA,5.14E+14,NA,NA
ISCHYROCERIDAE,,NA,4.11E+14,NA,NA
ISCHYROCERUS ANGUIPES,,NA,4.11E+14,NA,NA
ISCHYROCERUS SP,,NA,4.11E+14,NA,NA
JAERA MARINA,,NA,4.11E+14,NA,NA
JAERA SP,,NA,4.11E+14,NA,NA
JANIRA ALTA,,NA,4.11E+14,NA,NA
JANIRA MACULOSA,,NA,4.11E+14,NA,NA
JANIRA SP,,NA,4.11E+14,NA,NA
JANIRIDAE,,NA,4.11E+14,NA,NA
JASMINEIRA SP,,NA,2.14E+14,NA,NA
LAETMONICE FILICORNIS,,NA,2.14E+14,NA,NA
LAEVICARDIUM LAEVIGATUM,EGG COCKLE,NA,5.12E+14,NA,NA
LAEVICARDIUM PICTUM,PAINTED EGGCOCKLE,NA,5.12E+14,NA,NA
LAMPROPIDAE,,NA,4.11E+14,NA,NA
LAMPROPS FUSCATA,,NA,4.11E+14,NA,NA
LAMPROPS QUADRIPLICATA,,NA,4.11E+14,NA,NA
LAMPROPS SP,,NA,4.11E+14,NA,NA
LAONICE CIRRATA,,NA,2.14E+14,NA,NA
LEANIRA SP,,NA,2.14E+14,NA,NA
LEPTOCUMA SP,,NA,4.11E+14,NA,NA
LEUCON AMERICANUS,,NA,4.11E+14,NA,NA
LEUCOTHOE SPINICARPA,,NA,4.11E+14,NA,NA
LILJEBORGIIDAE,,NA,4.11E+14,NA,NA
LIMACINA RETROVERSA,RETROVERT PTEROPOD,NA,5.14E+14,NA,NA
LIMACINA SP,,NA,5.14E+14,NA,NA
LIMATULA SUBAURICULATA,SMALL-EAR FILECLAM,NA,5.12E+14,NA,NA
LIMIDAE,FILECLAMS,NA,5.12E+14,NA,NA
LIMOPSIS SP,,NA,5.12E+14,NA,NA
LOIMIA MEDUSA,,NA,2.14E+14,NA,NA
LUCINIDAE,LUCINES,NA,5.12E+14,NA,NA
LUMBRINERIDAE,,NA,2.14E+14,NA,NA
LUMBRINERIDES SP,,NA,2.14E+14,NA,NA
LUMBRINERIS GRACILIS,,NA,2.14E+14,NA,NA
LUMBRINERIS LATREILLI,,NA,2.14E+14,NA,NA
LUMBRINERIS SP,,NA,2.14E+14,NA,NA
LUMBRINERIS TENUIS,,NA,2.14E+14,NA,NA
LYONSIIDAE,,NA,5.12E+14,NA,NA
LYSIANASSIDAE,,NA,4.11E+14,NA,NA
LYSIANOPSIS ALBA,,NA,4.11E+14,NA,NA
MACTRIDAE,"SURFCLAMS, DUCKCLAM, AND GAPERS",NA,5.12E+14,NA,NA
MACTROMERIS POLYNYMA,ARCTIC SURFCLAM,ARCTIC SURFCLAM,5.12E+14,80983,NA
MAERA DANAE,,NA,4.11E+14,NA,NA
MAERA LOVENI,,NA,4.11E+14,NA,NA
MAERA SP,,NA,4.11E+14,NA,NA
MAGELONA ROSEA,,NA,2.14E+14,NA,NA
MALDANE SARSI,,NA,2.14E+14,NA,NA
MARGARITES SP,,NA,5.14E+14,NA,NA
MARGINELLA ROSCIDA,VIRGINIA MARGINELLA,NA,5.14E+14,NA,NA
MARPHYSA SANGUINEA,,NA,2.14E+14,NA,NA
MEDIOMASTUS AMBISETA,,NA,2.14E+14,NA,NA
MELINNA CRISTATA,,NA,2.14E+14,NA,NA
MELITA SP,,NA,4.11E+14,NA,NA
METOPELLA ANGUSTA,,NA,4.11E+14,NA,NA
METOPELLA SP,,NA,4.11E+14,NA,NA
METRIDIUM SENILE,,NA,5.22E+13,NA,NA
MICRODEUTOPUS GRYLLOTALPA,,NA,4.11E+14,NA,NA
MICRODEUTOPUS SP,,NA,4.11E+14,NA,NA
MICROPROTOPUS SP,,NA,4.11E+14,NA,NA
MICRURA SP,,NA,9.10E+13,NA,NA
MOLLUSCA EGGS,MOLLUSK EGGS,NA,5.10E+14,NA,NA
MOLLUSCA SHELL,MOLLUSK SHELL,NA,5.10E+14,NA,NA
MOLPADIA MUSCULUS,,NA,6.15E+14,NA,NA
MOLPADIIDA,,NA,6.15E+14,NA,NA
MONOCULODES BOREALIS,,NA,4.11E+14,NA,NA
MONOCULODES INTERMEDIUS,,NA,4.11E+14,NA,NA
MONOCULODES TESSELATUS,,NA,4.11E+14,NA,NA
MOOREONUPHIS NEBULOSA,,NA,2.14E+14,NA,NA
MUCRONELLIDAE,,NA,7.01E+14,NA,NA
MUNNA SP,,NA,4.11E+14,NA,NA
MUNNOPSIDAE,,NA,4.11E+14,NA,NA
MUNNOPSIS TYPICA,,NA,4.11E+14,NA,NA
MUSCULUS NIGER,BLACK MUSSEL,NA,5.12E+14,NA,NA
MUSCULUS SP,,NA,5.12E+14,NA,NA
MYONERA LAMELLIFERA,SHINGLED MYONERIA,NA,5.12E+14,NA,NA
MYRIOCHELE HEERI,,NA,2.14E+14,NA,NA
MYRIOCHELE HEERI TUBES,,NA,2.14E+14,NA,NA
MYRIOCHELE SP,,NA,2.14E+14,NA,NA
MYTILIDAE SHELL,MUSSEL SHELL,NA,5.12E+14,NA,NA
MYTILUS EDULIS SHELL,BLUE MUSSEL SHELL,NA,5.12E+14,NA,NA
MYXICOLA INFUNDIBULUM,,NA,2.14E+14,NA,NA
NATICA CLAUSA,ARCTIC MOONSNAIL,NA,5.14E+14,NA,NA
NATICIDAE OPERCULUM,"MOON SNAILS, SHARK EYES AND BABY-EARS OPERCULUM",NA,5.14E+14,NA,NA
NEOPLEUSTES PULCHELLUS,,NA,4.11E+14,NA,NA
NEPHTYS BUCERA,,NA,2.14E+14,NA,NA
NEPHTYS CAECA,,NA,2.14E+14,NA,NA
NEPHTYS CILIATA,,NA,2.14E+14,NA,NA
NEPHTYS DISCORS,,NA,2.14E+14,NA,NA
NEPHTYS LONGOSETOSA,,NA,2.14E+14,NA,NA
NEPHTYS PICTA,,NA,2.14E+14,NA,NA
NEPHTYS SP,,NA,2.14E+14,NA,NA
NEREIDAE,,NA,2.14E+14,NA,NA
NEREIMYRA SP,,NA,2.14E+14,NA,NA
NEREIS ACUMINATA,,NA,2.14E+14,NA,NA
NEREIS PELAGICA,,NA,2.14E+14,NA,NA
NEREIS SUCCINEA,,NA,2.14E+14,NA,NA
NEREIS VIRENS,,NA,2.14E+14,NA,NA
NICOMACHE LUMBRICALIS,,NA,2.14E+14,NA,NA
NINOE SP,,NA,2.14E+14,NA,NA
NOTOACMEA TESTUDINALIS,PLANT LIMPET,NA,5.14E+14,NA,NA
NOTOCIRRUS SPINIFERUS,,NA,2.14E+14,NA,NA
NOTOMASTUS LATERICEUS,,NA,2.14E+14,NA,NA
NOTOMASTUS SP,,NA,2.14E+14,NA,NA
NUCELLA SP,DOG WHELKS,NA,5.14E+14,NA,NA
NUCULA AEGEENSIS,AEGEAN NUTCLAM,NA,5.12E+14,NA,NA
NUCULA DELPHINODONTA,DOLPHINTOOTH NUTCLAM,NA,5.12E+14,NA,NA
NUCULA SP,,NA,5.12E+14,NA,NA
NUCULA TENUIS,SMOOTH NUTCLAM,NA,5.12E+14,NA,NA
NUCULANA PERNULA,NORTHERN NUTCLAM,NA,5.12E+14,NA,NA
NUCULANA SP,,NA,5.12E+14,NA,NA
NUCULANA TENUISULCATA,THIN NUTCLAM,NA,5.12E+14,NA,NA
NYMPHON GROSSIPES,,NA,4.12E+14,NA,NA
NYMPHON SP,,NA,4.12E+14,NA,NA
NYMPHON STROEMI,,NA,4.12E+14,NA,NA
OEDICEROTIDAE,,NA,4.11E+14,NA,NA
ONUPHIDAE,,NA,2.14E+14,NA,NA
ONUPHIS EREMITA,,NA,2.14E+14,NA,NA
ONUPHIS OPALINA,,NA,2.14E+14,NA,NA
OPHELIA BICORNIS,,NA,2.14E+14,NA,NA
OPHELIIDA,,NA,2.14E+14,NA,NA
OPHELINA ACUMINATA,,NA,2.14E+14,NA,NA
OPHIACANTHA BIDENTATA,,NA,6.13E+14,NA,NA
OPHIACANTHA SP,,NA,6.13E+14,NA,NA
OPHIODERMA BREVISPINA,,NA,6.13E+14,NA,NA
OPHIOGLYCERA GIGANTEA,,NA,2.14E+14,NA,NA
OPHIOLEPIS SP,,NA,6.13E+14,NA,NA
OPHIOPHOLIS ACULEATA,DAISY BRITTLE STAR,NA,6.13E+14,NA,NA
OPHIOPHOLIS SP,,NA,6.13E+14,NA,NA
OPHIURA ROBUSTA,,NA,6.13E+14,NA,NA
OPHIURA SARSI,,NA,6.13E+14,NA,NA
OPHIURA SP,,NA,6.13E+14,NA,NA
OPISTHOBRANCHIA,,NA,5.14E+14,NA,NA
ORBINIA ORNATA,,NA,2.14E+14,NA,NA
ORBINIIDAE,,NA,2.14E+14,NA,NA
ORCHOMENELLA GROENLANDICA,,NA,4.11E+14,NA,NA
ORCHOMENELLA MINUTA,,NA,4.11E+14,NA,NA
ORCHOMENELLA PINGUIS,,NA,4.11E+14,NA,NA
ORCHOMENELLA SP,,NA,4.11E+14,NA,NA
OWENIA FUSIFORMIS,,NA,2.14E+14,NA,NA
OWENIIDAE,,NA,2.14E+14,NA,NA
PAGURIDAE LARVAE,RIGHT-HANDED HERMIT CRABS LARVAE,NA,4.11E+14,NA,NA
PAGURUS POLITUS,,NA,4.11E+14,NA,NA
PAGURUS PUBESCENS,,NA,4.11E+14,NA,NA
PARAHAUSTORIUS ATTENUATUS,,NA,4.11E+14,NA,NA
PARAHAUSTORIUS HOLMESI,,NA,4.11E+14,NA,NA
PARAHAUSTORIUS SP,,NA,4.11E+14,NA,NA
PARAMPHINOME SP,,NA,2.14E+14,NA,NA
PARAMPHITHOE SP,,NA,4.11E+14,NA,NA
PARANINOE BREVIPES,,NA,2.14E+14,NA,NA
PARAONIDAE,,NA,2.14E+14,NA,NA
PARAONIS GRACILIS,,NA,2.14E+14,NA,NA
PARAONIS SP,,NA,2.14E+14,NA,NA
PARATHEMISTO COMPRESSA,,NA,4.11E+14,NA,NA
PARATHEMISTO GRACILIPES,,NA,4.11E+14,NA,NA
PARDALISCIDAE,,NA,4.11E+14,NA,NA
PAROEDICEROS LYNCEUS,,NA,4.11E+14,NA,NA
PAROEDICEROS SP,,NA,4.11E+14,NA,NA
PECTINARIA SP,,NA,2.14E+14,NA,NA
PENNATULA ACULEATA,SEA PEN,NA,5.21E+13,NA,NA
PENTAMERA SP,,NA,6.15E+14,NA,NA
PETALOSARSIA DECLIVIS,,NA,4.11E+14,NA,NA
PHASCOLION STROMBI,HERMIT SIPUNCULID,NA,3.11E+14,NA,NA
PHASCOLOPSIS GOULDII,GOULD'S SIPUNCULID,NA,3.11E+14,NA,NA
PHERUSA ARENOSA,,NA,2.14E+14,NA,NA
PHERUSA SP,,NA,2.14E+14,NA,NA
PHOLOE MINUTA,,NA,2.14E+14,NA,NA
PHORONIDA,PHORONID WORMS,NA,7.20E+14,NA,NA
PHOTIDAE,,NA,4.11E+14,NA,NA
PHOTIS REINHARDI,,NA,4.11E+14,NA,NA
PHOTIS SP,,NA,4.11E+14,NA,NA
PHOXICHILIDIIDAE,,NA,4.12E+14,NA,NA
PHOXOCEPHALIDAE,,NA,4.11E+14,NA,NA
PHRONIMA SEDENTARIA,,NA,4.11E+14,NA,NA
PHRONIMA SP,,NA,4.11E+14,NA,NA
PHROSINA SP,,NA,4.11E+14,NA,NA
PHYLLODOCE ARENAE,,NA,2.14E+14,NA,NA
PHYLLODOCE GROENLANDICA,,NA,2.14E+14,NA,NA
PHYLLODOCE MACULATA,,NA,2.14E+14,NA,NA
PHYLLODOCE MUCOSA,,NA,2.14E+14,NA,NA
PHYLLODOCE SP,,NA,2.14E+14,NA,NA
PISTA CRISTATA,,NA,2.14E+14,NA,NA
PLEUROBRANCHAEA SP,,NA,5.14E+14,NA,NA
PLEUROGONA,,NA,7.61E+14,NA,NA
PLEUROTOMELLA SP,,NA,5.14E+14,NA,NA
PLEUSTES PANOPLUS,,NA,4.11E+14,NA,NA
PLEUSTIDAE,,NA,4.11E+14,NA,NA
PLEUSYMTES GLABER,,NA,4.11E+14,NA,NA
PODOCERIDAE,,NA,4.11E+14,NA,NA
POLITOLANA POLITA,,NA,4.11E+14,NA,NA
POLYCHAETA LARVAE,POLYCHAETE LARVAE,NA,2.14E+14,NA,NA
POLYCHAETA TUBES,POLYCHAETE TUBES,NA,2.14E+14,NA,NA
POLYCIRRUS SP,,NA,2.14E+14,NA,NA
POLYCLINIDAE,SEA PORKS,NA,7.61E+14,NA,NA
POLYPLACOPHORA,CHITONS,NA,5.11E+14,NA,NA
PONTOGENEIA INERMIS,,NA,4.11E+14,NA,NA
PONTOGENEIA SP,,NA,4.11E+14,NA,NA
POTAMILLA NEGLECTA,,NA,2.14E+14,NA,NA
PRAXILLELLA GRACILIS,,NA,2.14E+14,NA,NA
PRAXILLURA ORNATA,,NA,2.14E+14,NA,NA
PRIONOSPIO SP,,NA,2.14E+14,NA,NA
PRIONOSPIO STEENSTRUPI,,NA,2.14E+14,NA,NA
PROBOLOIDES HOLMESI,,NA,4.11E+14,NA,NA
PROBOLOIDES SP,,NA,4.11E+14,NA,NA
PROPILIDIUM SP,,NA,5.14E+14,NA,NA
PROTOHAUSTORIUS DEICHMANNAE,,NA,4.11E+14,NA,NA
PSEUDOCUMIDAE,,NA,4.11E+14,NA,NA
PSEUDOHAUSTORIUS BOREALIS,,NA,4.11E+14,NA,NA
PSEUDOHAUSTORIUS CAROLINIENSIS,,NA,4.11E+14,NA,NA
PSEUDOHAUSTORIUS SP,,NA,4.11E+14,NA,NA
PSEUDOLEPTOCUMA MINOR,,NA,4.11E+14,NA,NA
PSEUDUNCIOLA OBLIQUUA,,NA,4.11E+14,NA,NA
PSEUDUNCIOLA SP,,NA,4.11E+14,NA,NA
PSOLUS PHANTAPUS,,NA,6.15E+14,NA,NA
PSOLUS SP,,NA,6.15E+14,NA,NA
PTERIA VITREA,GLASSY WING-OYSTER,NA,5.12E+14,NA,NA
PUNCTURELLA NOACHINA,DILUVIAN PUNCTURELLA,NA,5.14E+14,NA,NA
PUNCTURELLA SP,,NA,5.14E+14,NA,NA
PYCNOGONIDA,SEA SPIDERS,NA,4.12E+14,NA,NA
PYCNOGONIDAE,,NA,4.12E+14,NA,NA
PYCNOGONUM LITTORALE,,NA,4.12E+14,NA,NA
RANILIA MURICATA,MURICATE FROG CRAB,NA,4.11E+14,NA,NA
RHACHOTROPIS ACULEATA,,NA,4.11E+14,NA,NA
RHACHOTROPIS SP,,NA,4.11E+14,NA,NA
RHEPOXYNIUS SP,,NA,4.11E+14,NA,NA
RHODINE LOVENI,,NA,2.14E+14,NA,NA
RHODINE SP,,NA,2.14E+14,NA,NA
RHYNCHONELLIDAE,,NA,7.41E+14,NA,NA
SABELLA CRASSICORNIS,,NA,2.14E+14,NA,NA
SARSONUPHIS QUADRICUSPIS,,NA,2.14E+14,NA,NA
SCALIBRAGMATIDAE,,NA,2.14E+14,NA,NA
SCALIBREGMA SP,,NA,2.14E+14,NA,NA
SCAPHANDER PUNCTOSTRIATUS,GIANT CANOE BUBBLE,NA,5.14E+14,NA,NA
SCHIZASTERIDAE,,NA,6.12E+14,NA,NA
SCOLECOLEPIDES SP,,NA,2.14E+14,NA,NA
SCOLELEPIS SP,,NA,2.14E+14,NA,NA
SCOLELEPIS SQUAMATA,,NA,2.14E+14,NA,NA
SCOLOPLOS ACUTUS,,NA,2.14E+14,NA,NA
SCOLOPLOS FRAGILIS,,NA,2.14E+14,NA,NA
SCOLOPLOS SP,,NA,2.14E+14,NA,NA
SERPULIDAE,,NA,2.14E+14,NA,NA
SIGALION ARENICOLA,,NA,2.14E+14,NA,NA
SIGALION SP,,NA,2.14E+14,NA,NA
SIGALIONIDAE,,NA,2.14E+14,NA,NA
SILIQUA COSTATA,ATLANTIC RAZOR,NA,5.12E+14,NA,NA
SOLENIDAE SHELL,RAZOR AND JACKNIFE CLAM SHELL,NA,5.12E+14,NA,NA
SOLENIDAE SIPHON,RAZOR CLAM SIPHONS,NA,5.12E+14,NA,NA
SOLENIDAE VISCERA,RAZOR AND JACKNIFE CLAMS VISCERA,NA,5.12E+14,NA,NA
SPHAERODORIDAE,,NA,2.14E+14,NA,NA
SPHAERODORUM GRACILIS,,NA,2.14E+14,NA,NA
SPHAEROMATIDAE,,NA,4.11E+14,NA,NA
SPIO FILICORNIS,,NA,2.14E+14,NA,NA
SPIO SETOSA,,NA,2.14E+14,NA,NA
SPIONIDA,,NA,2.14E+14,NA,NA
SPIONIDAE,,NA,2.14E+14,NA,NA
SPIOPHANES BOMBYX,,NA,2.14E+14,NA,NA
SPIOPHANES SP,,NA,2.14E+14,NA,NA
SPIRORBIS SP,,NA,2.14E+14,NA,NA
SPISULA POLYNYMA,STIMPSON'S CLAM,NA,5.12E+14,NA,NA
SPISULA SP VISCERA,,NA,5.12E+14,NA,NA
STEGOCEPHALUS INFLATUS,,NA,4.11E+14,NA,NA
STENOPLEUSTES SP,,NA,4.11E+14,NA,NA
STENOTHOE MINUTA,,NA,4.11E+14,NA,NA
STENULA SP,,NA,4.11E+14,NA,NA
STEREODERMA UNISEMITA,,NA,6.15E+14,NA,NA
STERNASPIS SCUTATA,,NA,2.14E+14,NA,NA
STHENELAIS BOA,,NA,2.14E+14,NA,NA
STHENELAIS LIMICOLA,,NA,2.14E+14,NA,NA
STHENELAIS SP,,NA,2.14E+14,NA,NA
STREBLOSPIO BENEDICTI,,NA,2.14E+14,NA,NA
STRIGILLA SP,,NA,5.12E+14,NA,NA
STRONGYLOCENTROTUS DROEBACHIENSIS,GREEN SEA URCHIN,NA,6.12E+14,NA,NA
SYLLIS CORNUTA,,NA,2.14E+14,NA,NA
SYLLIS SP,,NA,2.14E+14,NA,NA
SYNCHELIDIUM SP,,NA,4.11E+14,NA,NA
SYRRHOE CRENULATA,,NA,4.11E+14,NA,NA
SYRRHOE SP,,NA,4.11E+14,NA,NA
TACHYRHYNCHUS EROSUS,ERODED TURRENTSNAIL,NA,5.14E+14,NA,NA
TECTONATICA PUSILLA,MINATURE MOONSNAIL,NA,5.14E+14,NA,NA
TELLINA SP,,NA,5.12E+14,NA,NA
TELLINIDAE,"MACOMA, TELLEN, AND FAT-TELLEN CLAMS",NA,5.12E+14,NA,NA
TEREBELLA LAPIDARIA,,NA,2.14E+14,NA,NA
THARYX SP,,NA,2.14E+14,NA,NA
THECOSOMATA,SHELLED PTEROPODS,NA,5.14E+14,NA,NA
THELEPUS CINCINNATUS,,NA,2.14E+14,NA,NA
THEMISTO GAUDICHAUDII,,NA,4.11E+14,NA,NA
THYASIRA SP,,NA,5.12E+14,NA,NA
THYONELLA SP,,NA,6.15E+14,NA,NA
TIRON SP,,NA,4.11E+14,NA,NA
TIRON SPINIFERUM,,NA,4.11E+14,NA,NA
TIRONIDAE,,NA,4.11E+14,NA,NA
TOMOPTERIDAE,,NA,2.14E+14,NA,NA
TOMOPTERIS HELGOLANDICA,,NA,2.14E+14,NA,NA
TOMOPTERIS SP,,NA,2.14E+14,NA,NA
TONICELLA RUBRA,NORTHERN RED CHITON,NA,5.11E+14,NA,NA
TONICELLA SP,,NA,5.11E+14,NA,NA
TRAVISIA FORBESII,,NA,2.14E+14,NA,NA
TRAVISIA SP,,NA,2.14E+14,NA,NA
TREMATODA,FLUKES,NA,7.20E+13,NA,NA
TRICHOBRANCHIDAE,,NA,2.14E+14,NA,NA
TRICHOBRANCHUS GLACIALIS,,NA,2.14E+14,NA,NA
TRICHOPHOXUS EPISTOMUS,,NA,4.11E+14,NA,NA
TRIDONTA BOREALIS,BOREAL TRIDONTA,NA,5.12E+14,NA,NA
TROCHIDAE,TOPSNAILS,NA,5.14E+14,NA,NA
TROCHOCHAETA SP,,NA,2.14E+14,NA,NA
UNCIOLA DISSIMILIS,,NA,4.11E+14,NA,NA
UNCIOLA INERMIS,,NA,4.11E+14,NA,NA
UNCIOLA SERRATA,,NA,4.11E+14,NA,NA
UNCIOLA SP,,NA,4.11E+14,NA,NA
UROCHORDATA,"SEA SQUIRTS, LARVACEANS, AND SALPS",NA,7.60E+14,NA,NA
VANADIS LONGISSIMA,,NA,2.14E+14,NA,NA
VELUTINA SP,,NA,5.14E+14,NA,NA
VIBILIA SP,,NA,4.11E+14,NA,NA
WESTWOODILLA SP,,NA,4.11E+14,NA,NA
YOLDIA THRACIAEFORMIS,BROAD YOLDIA,NA,5.12E+14,NA,NA
YOLDIELLA IRIS,RAINBOW YOLDIA,NA,5.12E+14,NA,NA
YOLDIELLA LUCIDA,IRIDESCENT YOLDIA,NA,5.12E+14,NA,NA
